dataset,category,image_id,image_path,target_path
RR,thin_fog,1023.png,D:\www\riset\dehazing\dataset\RRSHID\thin_fog\test\hazy\1023.png,D:\www\riset\dehazing\dataset\RRSHID\thin_fog\test\target\1023.png
RR,thin_fog,1035.png,D:\www\riset\dehazing\dataset\RRSHID\thin_fog\test\hazy\1035.png,D:\www\riset\dehazing\dataset\RRSHID\thin_fog\test\target\1035.png
RR,thin_fog,1075.png,D:\www\riset\dehazing\dataset\RRSHID\thin_fog\test\hazy\1075.png,D:\www\riset\dehazing\dataset\RRSHID\thin_fog\test\target\1075.png
RR,thin_fog,1230.png,D:\www\riset\dehazing\dataset\RRSHID\thin_fog\test\hazy\1230.png,D:\www\riset\dehazing\dataset\RRSHID\thin_fog\test\target\1230.png
RR,thin_fog,1291.png,D:\www\riset\dehazing\dataset\RRSHID\thin_fog\test\hazy\1291.png,D:\www\riset\dehazing\dataset\RRSHID\thin_fog\test\target\1291.png
RR,thin_fog,1292.png,D:\www\riset\dehazing\dataset\RRSHID\thin_fog\test\hazy\1292.png,D:\www\riset\dehazing\dataset\RRSHID\thin_fog\test\target\1292.png
RR,thin_fog,1295.png,D:\www\riset\dehazing\dataset\RRSHID\thin_fog\test\hazy\1295.png,D:\www\riset\dehazing\dataset\RRSHID\thin_fog\test\target\1295.png
RR,thin_fog,130.png,D:\www\riset\dehazing\dataset\RRSHID\thin_fog\test\hazy\130.png,D:\www\riset\dehazing\dataset\RRSHID\thin_fog\test\target\130.png
RR,thin_fog,1422.png,D:\www\riset\dehazing\dataset\RRSHID\thin_fog\test\hazy\1422.png,D:\www\riset\dehazing\dataset\RRSHID\thin_fog\test\target\1422.png
RR,thin_fog,1432.png,D:\www\riset\dehazing\dataset\RRSHID\thin_fog\test\hazy\1432.png,D:\www\riset\dehazing\dataset\RRSHID\thin_fog\test\target\1432.png
RR,thin_fog,1571.png,D:\www\riset\dehazing\dataset\RRSHID\thin_fog\test\hazy\1571.png,D:\www\riset\dehazing\dataset\RRSHID\thin_fog\test\target\1571.png
RR,thin_fog,1615.png,D:\www\riset\dehazing\dataset\RRSHID\thin_fog\test\hazy\1615.png,D:\www\riset\dehazing\dataset\RRSHID\thin_fog\test\target\1615.png
RR,thin_fog,1738.png,D:\www\riset\dehazing\dataset\RRSHID\thin_fog\test\hazy\1738.png,D:\www\riset\dehazing\dataset\RRSHID\thin_fog\test\target\1738.png
RR,thin_fog,1744.png,D:\www\riset\dehazing\dataset\RRSHID\thin_fog\test\hazy\1744.png,D:\www\riset\dehazing\dataset\RRSHID\thin_fog\test\target\1744.png
RR,thin_fog,1746.png,D:\www\riset\dehazing\dataset\RRSHID\thin_fog\test\hazy\1746.png,D:\www\riset\dehazing\dataset\RRSHID\thin_fog\test\target\1746.png
RR,thin_fog,1747.png,D:\www\riset\dehazing\dataset\RRSHID\thin_fog\test\hazy\1747.png,D:\www\riset\dehazing\dataset\RRSHID\thin_fog\test\target\1747.png
RR,thin_fog,1762.png,D:\www\riset\dehazing\dataset\RRSHID\thin_fog\test\hazy\1762.png,D:\www\riset\dehazing\dataset\RRSHID\thin_fog\test\target\1762.png
RR,thin_fog,184.png,D:\www\riset\dehazing\dataset\RRSHID\thin_fog\test\hazy\184.png,D:\www\riset\dehazing\dataset\RRSHID\thin_fog\test\target\184.png
RR,thin_fog,2033.png,D:\www\riset\dehazing\dataset\RRSHID\thin_fog\test\hazy\2033.png,D:\www\riset\dehazing\dataset\RRSHID\thin_fog\test\target\2033.png
RR,thin_fog,2036.png,D:\www\riset\dehazing\dataset\RRSHID\thin_fog\test\hazy\2036.png,D:\www\riset\dehazing\dataset\RRSHID\thin_fog\test\target\2036.png
RR,thin_fog,2163.png,D:\www\riset\dehazing\dataset\RRSHID\thin_fog\test\hazy\2163.png,D:\www\riset\dehazing\dataset\RRSHID\thin_fog\test\target\2163.png
RR,thin_fog,2250.png,D:\www\riset\dehazing\dataset\RRSHID\thin_fog\test\hazy\2250.png,D:\www\riset\dehazing\dataset\RRSHID\thin_fog\test\target\2250.png
RR,thin_fog,2343.png,D:\www\riset\dehazing\dataset\RRSHID\thin_fog\test\hazy\2343.png,D:\www\riset\dehazing\dataset\RRSHID\thin_fog\test\target\2343.png
RR,thin_fog,2369.png,D:\www\riset\dehazing\dataset\RRSHID\thin_fog\test\hazy\2369.png,D:\www\riset\dehazing\dataset\RRSHID\thin_fog\test\target\2369.png
RR,thin_fog,2372.png,D:\www\riset\dehazing\dataset\RRSHID\thin_fog\test\hazy\2372.png,D:\www\riset\dehazing\dataset\RRSHID\thin_fog\test\target\2372.png
RR,thin_fog,2375.png,D:\www\riset\dehazing\dataset\RRSHID\thin_fog\test\hazy\2375.png,D:\www\riset\dehazing\dataset\RRSHID\thin_fog\test\target\2375.png
RR,thin_fog,2389.png,D:\www\riset\dehazing\dataset\RRSHID\thin_fog\test\hazy\2389.png,D:\www\riset\dehazing\dataset\RRSHID\thin_fog\test\target\2389.png
RR,thin_fog,2399.png,D:\www\riset\dehazing\dataset\RRSHID\thin_fog\test\hazy\2399.png,D:\www\riset\dehazing\dataset\RRSHID\thin_fog\test\target\2399.png
RR,thin_fog,2451.png,D:\www\riset\dehazing\dataset\RRSHID\thin_fog\test\hazy\2451.png,D:\www\riset\dehazing\dataset\RRSHID\thin_fog\test\target\2451.png
RR,thin_fog,2465.png,D:\www\riset\dehazing\dataset\RRSHID\thin_fog\test\hazy\2465.png,D:\www\riset\dehazing\dataset\RRSHID\thin_fog\test\target\2465.png
RR,thin_fog,2481.png,D:\www\riset\dehazing\dataset\RRSHID\thin_fog\test\hazy\2481.png,D:\www\riset\dehazing\dataset\RRSHID\thin_fog\test\target\2481.png
RR,thin_fog,2511.png,D:\www\riset\dehazing\dataset\RRSHID\thin_fog\test\hazy\2511.png,D:\www\riset\dehazing\dataset\RRSHID\thin_fog\test\target\2511.png
RR,thin_fog,2543.png,D:\www\riset\dehazing\dataset\RRSHID\thin_fog\test\hazy\2543.png,D:\www\riset\dehazing\dataset\RRSHID\thin_fog\test\target\2543.png
RR,thin_fog,2672.png,D:\www\riset\dehazing\dataset\RRSHID\thin_fog\test\hazy\2672.png,D:\www\riset\dehazing\dataset\RRSHID\thin_fog\test\target\2672.png
RR,thin_fog,27.png,D:\www\riset\dehazing\dataset\RRSHID\thin_fog\test\hazy\27.png,D:\www\riset\dehazing\dataset\RRSHID\thin_fog\test\target\27.png
RR,thin_fog,2706.png,D:\www\riset\dehazing\dataset\RRSHID\thin_fog\test\hazy\2706.png,D:\www\riset\dehazing\dataset\RRSHID\thin_fog\test\target\2706.png
RR,thin_fog,2725.png,D:\www\riset\dehazing\dataset\RRSHID\thin_fog\test\hazy\2725.png,D:\www\riset\dehazing\dataset\RRSHID\thin_fog\test\target\2725.png
RR,thin_fog,2727.png,D:\www\riset\dehazing\dataset\RRSHID\thin_fog\test\hazy\2727.png,D:\www\riset\dehazing\dataset\RRSHID\thin_fog\test\target\2727.png
RR,thin_fog,2738.png,D:\www\riset\dehazing\dataset\RRSHID\thin_fog\test\hazy\2738.png,D:\www\riset\dehazing\dataset\RRSHID\thin_fog\test\target\2738.png
RR,thin_fog,2741.png,D:\www\riset\dehazing\dataset\RRSHID\thin_fog\test\hazy\2741.png,D:\www\riset\dehazing\dataset\RRSHID\thin_fog\test\target\2741.png
RR,thin_fog,2749.png,D:\www\riset\dehazing\dataset\RRSHID\thin_fog\test\hazy\2749.png,D:\www\riset\dehazing\dataset\RRSHID\thin_fog\test\target\2749.png
RR,thin_fog,2759.png,D:\www\riset\dehazing\dataset\RRSHID\thin_fog\test\hazy\2759.png,D:\www\riset\dehazing\dataset\RRSHID\thin_fog\test\target\2759.png
RR,thin_fog,2772.png,D:\www\riset\dehazing\dataset\RRSHID\thin_fog\test\hazy\2772.png,D:\www\riset\dehazing\dataset\RRSHID\thin_fog\test\target\2772.png
RR,thin_fog,2820.png,D:\www\riset\dehazing\dataset\RRSHID\thin_fog\test\hazy\2820.png,D:\www\riset\dehazing\dataset\RRSHID\thin_fog\test\target\2820.png
RR,thin_fog,2863.png,D:\www\riset\dehazing\dataset\RRSHID\thin_fog\test\hazy\2863.png,D:\www\riset\dehazing\dataset\RRSHID\thin_fog\test\target\2863.png
RR,thin_fog,2867.png,D:\www\riset\dehazing\dataset\RRSHID\thin_fog\test\hazy\2867.png,D:\www\riset\dehazing\dataset\RRSHID\thin_fog\test\target\2867.png
RR,thin_fog,2892.png,D:\www\riset\dehazing\dataset\RRSHID\thin_fog\test\hazy\2892.png,D:\www\riset\dehazing\dataset\RRSHID\thin_fog\test\target\2892.png
RR,thin_fog,2896.png,D:\www\riset\dehazing\dataset\RRSHID\thin_fog\test\hazy\2896.png,D:\www\riset\dehazing\dataset\RRSHID\thin_fog\test\target\2896.png
RR,thin_fog,2898.png,D:\www\riset\dehazing\dataset\RRSHID\thin_fog\test\hazy\2898.png,D:\www\riset\dehazing\dataset\RRSHID\thin_fog\test\target\2898.png
RR,thin_fog,2903.png,D:\www\riset\dehazing\dataset\RRSHID\thin_fog\test\hazy\2903.png,D:\www\riset\dehazing\dataset\RRSHID\thin_fog\test\target\2903.png
RR,thin_fog,2908.png,D:\www\riset\dehazing\dataset\RRSHID\thin_fog\test\hazy\2908.png,D:\www\riset\dehazing\dataset\RRSHID\thin_fog\test\target\2908.png
RR,thin_fog,2918.png,D:\www\riset\dehazing\dataset\RRSHID\thin_fog\test\hazy\2918.png,D:\www\riset\dehazing\dataset\RRSHID\thin_fog\test\target\2918.png
RR,thin_fog,2919.png,D:\www\riset\dehazing\dataset\RRSHID\thin_fog\test\hazy\2919.png,D:\www\riset\dehazing\dataset\RRSHID\thin_fog\test\target\2919.png
RR,thin_fog,2931.png,D:\www\riset\dehazing\dataset\RRSHID\thin_fog\test\hazy\2931.png,D:\www\riset\dehazing\dataset\RRSHID\thin_fog\test\target\2931.png
RR,thin_fog,2940.png,D:\www\riset\dehazing\dataset\RRSHID\thin_fog\test\hazy\2940.png,D:\www\riset\dehazing\dataset\RRSHID\thin_fog\test\target\2940.png
RR,thin_fog,2946.png,D:\www\riset\dehazing\dataset\RRSHID\thin_fog\test\hazy\2946.png,D:\www\riset\dehazing\dataset\RRSHID\thin_fog\test\target\2946.png
RR,thin_fog,2953.png,D:\www\riset\dehazing\dataset\RRSHID\thin_fog\test\hazy\2953.png,D:\www\riset\dehazing\dataset\RRSHID\thin_fog\test\target\2953.png
RR,thin_fog,2955.png,D:\www\riset\dehazing\dataset\RRSHID\thin_fog\test\hazy\2955.png,D:\www\riset\dehazing\dataset\RRSHID\thin_fog\test\target\2955.png
RR,thin_fog,2956.png,D:\www\riset\dehazing\dataset\RRSHID\thin_fog\test\hazy\2956.png,D:\www\riset\dehazing\dataset\RRSHID\thin_fog\test\target\2956.png
RR,thin_fog,2966.png,D:\www\riset\dehazing\dataset\RRSHID\thin_fog\test\hazy\2966.png,D:\www\riset\dehazing\dataset\RRSHID\thin_fog\test\target\2966.png
RR,thin_fog,2976.png,D:\www\riset\dehazing\dataset\RRSHID\thin_fog\test\hazy\2976.png,D:\www\riset\dehazing\dataset\RRSHID\thin_fog\test\target\2976.png
RR,thin_fog,2993.png,D:\www\riset\dehazing\dataset\RRSHID\thin_fog\test\hazy\2993.png,D:\www\riset\dehazing\dataset\RRSHID\thin_fog\test\target\2993.png
RR,thin_fog,2996.png,D:\www\riset\dehazing\dataset\RRSHID\thin_fog\test\hazy\2996.png,D:\www\riset\dehazing\dataset\RRSHID\thin_fog\test\target\2996.png
RR,thin_fog,2999.png,D:\www\riset\dehazing\dataset\RRSHID\thin_fog\test\hazy\2999.png,D:\www\riset\dehazing\dataset\RRSHID\thin_fog\test\target\2999.png
RR,thin_fog,3008.png,D:\www\riset\dehazing\dataset\RRSHID\thin_fog\test\hazy\3008.png,D:\www\riset\dehazing\dataset\RRSHID\thin_fog\test\target\3008.png
RR,thin_fog,3044.png,D:\www\riset\dehazing\dataset\RRSHID\thin_fog\test\hazy\3044.png,D:\www\riset\dehazing\dataset\RRSHID\thin_fog\test\target\3044.png
RR,thin_fog,457.png,D:\www\riset\dehazing\dataset\RRSHID\thin_fog\test\hazy\457.png,D:\www\riset\dehazing\dataset\RRSHID\thin_fog\test\target\457.png
RR,thin_fog,46.png,D:\www\riset\dehazing\dataset\RRSHID\thin_fog\test\hazy\46.png,D:\www\riset\dehazing\dataset\RRSHID\thin_fog\test\target\46.png
RR,thin_fog,47.png,D:\www\riset\dehazing\dataset\RRSHID\thin_fog\test\hazy\47.png,D:\www\riset\dehazing\dataset\RRSHID\thin_fog\test\target\47.png
RR,thin_fog,498.png,D:\www\riset\dehazing\dataset\RRSHID\thin_fog\test\hazy\498.png,D:\www\riset\dehazing\dataset\RRSHID\thin_fog\test\target\498.png
RR,thin_fog,57.png,D:\www\riset\dehazing\dataset\RRSHID\thin_fog\test\hazy\57.png,D:\www\riset\dehazing\dataset\RRSHID\thin_fog\test\target\57.png
RR,thin_fog,823.png,D:\www\riset\dehazing\dataset\RRSHID\thin_fog\test\hazy\823.png,D:\www\riset\dehazing\dataset\RRSHID\thin_fog\test\target\823.png
RR,thin_fog,88.png,D:\www\riset\dehazing\dataset\RRSHID\thin_fog\test\hazy\88.png,D:\www\riset\dehazing\dataset\RRSHID\thin_fog\test\target\88.png
RR,thin_fog,95.png,D:\www\riset\dehazing\dataset\RRSHID\thin_fog\test\hazy\95.png,D:\www\riset\dehazing\dataset\RRSHID\thin_fog\test\target\95.png
RR,thin_fog,972.png,D:\www\riset\dehazing\dataset\RRSHID\thin_fog\test\hazy\972.png,D:\www\riset\dehazing\dataset\RRSHID\thin_fog\test\target\972.png
RR,thin_fog,990.png,D:\www\riset\dehazing\dataset\RRSHID\thin_fog\test\hazy\990.png,D:\www\riset\dehazing\dataset\RRSHID\thin_fog\test\target\990.png
RR,moderate_fog,1.png,D:\www\riset\dehazing\dataset\RRSHID\moderate_fog\test\hazy\1.png,D:\www\riset\dehazing\dataset\RRSHID\moderate_fog\test\target\1.png
RR,moderate_fog,1014.png,D:\www\riset\dehazing\dataset\RRSHID\moderate_fog\test\hazy\1014.png,D:\www\riset\dehazing\dataset\RRSHID\moderate_fog\test\target\1014.png
RR,moderate_fog,1021.png,D:\www\riset\dehazing\dataset\RRSHID\moderate_fog\test\hazy\1021.png,D:\www\riset\dehazing\dataset\RRSHID\moderate_fog\test\target\1021.png
RR,moderate_fog,1048.png,D:\www\riset\dehazing\dataset\RRSHID\moderate_fog\test\hazy\1048.png,D:\www\riset\dehazing\dataset\RRSHID\moderate_fog\test\target\1048.png
RR,moderate_fog,1067.png,D:\www\riset\dehazing\dataset\RRSHID\moderate_fog\test\hazy\1067.png,D:\www\riset\dehazing\dataset\RRSHID\moderate_fog\test\target\1067.png
RR,moderate_fog,1072.png,D:\www\riset\dehazing\dataset\RRSHID\moderate_fog\test\hazy\1072.png,D:\www\riset\dehazing\dataset\RRSHID\moderate_fog\test\target\1072.png
RR,moderate_fog,108.png,D:\www\riset\dehazing\dataset\RRSHID\moderate_fog\test\hazy\108.png,D:\www\riset\dehazing\dataset\RRSHID\moderate_fog\test\target\108.png
RR,moderate_fog,1098.png,D:\www\riset\dehazing\dataset\RRSHID\moderate_fog\test\hazy\1098.png,D:\www\riset\dehazing\dataset\RRSHID\moderate_fog\test\target\1098.png
RR,moderate_fog,1101.png,D:\www\riset\dehazing\dataset\RRSHID\moderate_fog\test\hazy\1101.png,D:\www\riset\dehazing\dataset\RRSHID\moderate_fog\test\target\1101.png
RR,moderate_fog,1108.png,D:\www\riset\dehazing\dataset\RRSHID\moderate_fog\test\hazy\1108.png,D:\www\riset\dehazing\dataset\RRSHID\moderate_fog\test\target\1108.png
RR,moderate_fog,1134.png,D:\www\riset\dehazing\dataset\RRSHID\moderate_fog\test\hazy\1134.png,D:\www\riset\dehazing\dataset\RRSHID\moderate_fog\test\target\1134.png
RR,moderate_fog,1167.png,D:\www\riset\dehazing\dataset\RRSHID\moderate_fog\test\hazy\1167.png,D:\www\riset\dehazing\dataset\RRSHID\moderate_fog\test\target\1167.png
RR,moderate_fog,1190.png,D:\www\riset\dehazing\dataset\RRSHID\moderate_fog\test\hazy\1190.png,D:\www\riset\dehazing\dataset\RRSHID\moderate_fog\test\target\1190.png
RR,moderate_fog,1201.png,D:\www\riset\dehazing\dataset\RRSHID\moderate_fog\test\hazy\1201.png,D:\www\riset\dehazing\dataset\RRSHID\moderate_fog\test\target\1201.png
RR,moderate_fog,1209.png,D:\www\riset\dehazing\dataset\RRSHID\moderate_fog\test\hazy\1209.png,D:\www\riset\dehazing\dataset\RRSHID\moderate_fog\test\target\1209.png
RR,moderate_fog,1219.png,D:\www\riset\dehazing\dataset\RRSHID\moderate_fog\test\hazy\1219.png,D:\www\riset\dehazing\dataset\RRSHID\moderate_fog\test\target\1219.png
RR,moderate_fog,1233.png,D:\www\riset\dehazing\dataset\RRSHID\moderate_fog\test\hazy\1233.png,D:\www\riset\dehazing\dataset\RRSHID\moderate_fog\test\target\1233.png
RR,moderate_fog,1249.png,D:\www\riset\dehazing\dataset\RRSHID\moderate_fog\test\hazy\1249.png,D:\www\riset\dehazing\dataset\RRSHID\moderate_fog\test\target\1249.png
RR,moderate_fog,1253.png,D:\www\riset\dehazing\dataset\RRSHID\moderate_fog\test\hazy\1253.png,D:\www\riset\dehazing\dataset\RRSHID\moderate_fog\test\target\1253.png
RR,moderate_fog,1264.png,D:\www\riset\dehazing\dataset\RRSHID\moderate_fog\test\hazy\1264.png,D:\www\riset\dehazing\dataset\RRSHID\moderate_fog\test\target\1264.png
RR,moderate_fog,1271.png,D:\www\riset\dehazing\dataset\RRSHID\moderate_fog\test\hazy\1271.png,D:\www\riset\dehazing\dataset\RRSHID\moderate_fog\test\target\1271.png
RR,moderate_fog,1294.png,D:\www\riset\dehazing\dataset\RRSHID\moderate_fog\test\hazy\1294.png,D:\www\riset\dehazing\dataset\RRSHID\moderate_fog\test\target\1294.png
RR,moderate_fog,1299.png,D:\www\riset\dehazing\dataset\RRSHID\moderate_fog\test\hazy\1299.png,D:\www\riset\dehazing\dataset\RRSHID\moderate_fog\test\target\1299.png
RR,moderate_fog,1305.png,D:\www\riset\dehazing\dataset\RRSHID\moderate_fog\test\hazy\1305.png,D:\www\riset\dehazing\dataset\RRSHID\moderate_fog\test\target\1305.png
RR,moderate_fog,1311.png,D:\www\riset\dehazing\dataset\RRSHID\moderate_fog\test\hazy\1311.png,D:\www\riset\dehazing\dataset\RRSHID\moderate_fog\test\target\1311.png
RR,moderate_fog,1321.png,D:\www\riset\dehazing\dataset\RRSHID\moderate_fog\test\hazy\1321.png,D:\www\riset\dehazing\dataset\RRSHID\moderate_fog\test\target\1321.png
RR,moderate_fog,1339.png,D:\www\riset\dehazing\dataset\RRSHID\moderate_fog\test\hazy\1339.png,D:\www\riset\dehazing\dataset\RRSHID\moderate_fog\test\target\1339.png
RR,moderate_fog,134.png,D:\www\riset\dehazing\dataset\RRSHID\moderate_fog\test\hazy\134.png,D:\www\riset\dehazing\dataset\RRSHID\moderate_fog\test\target\134.png
RR,moderate_fog,136.png,D:\www\riset\dehazing\dataset\RRSHID\moderate_fog\test\hazy\136.png,D:\www\riset\dehazing\dataset\RRSHID\moderate_fog\test\target\136.png
RR,moderate_fog,1398.png,D:\www\riset\dehazing\dataset\RRSHID\moderate_fog\test\hazy\1398.png,D:\www\riset\dehazing\dataset\RRSHID\moderate_fog\test\target\1398.png
RR,moderate_fog,1408.png,D:\www\riset\dehazing\dataset\RRSHID\moderate_fog\test\hazy\1408.png,D:\www\riset\dehazing\dataset\RRSHID\moderate_fog\test\target\1408.png
RR,moderate_fog,1414.png,D:\www\riset\dehazing\dataset\RRSHID\moderate_fog\test\hazy\1414.png,D:\www\riset\dehazing\dataset\RRSHID\moderate_fog\test\target\1414.png
RR,moderate_fog,1443.png,D:\www\riset\dehazing\dataset\RRSHID\moderate_fog\test\hazy\1443.png,D:\www\riset\dehazing\dataset\RRSHID\moderate_fog\test\target\1443.png
RR,moderate_fog,145.png,D:\www\riset\dehazing\dataset\RRSHID\moderate_fog\test\hazy\145.png,D:\www\riset\dehazing\dataset\RRSHID\moderate_fog\test\target\145.png
RR,moderate_fog,1453.png,D:\www\riset\dehazing\dataset\RRSHID\moderate_fog\test\hazy\1453.png,D:\www\riset\dehazing\dataset\RRSHID\moderate_fog\test\target\1453.png
RR,moderate_fog,1463.png,D:\www\riset\dehazing\dataset\RRSHID\moderate_fog\test\hazy\1463.png,D:\www\riset\dehazing\dataset\RRSHID\moderate_fog\test\target\1463.png
RR,moderate_fog,1469.png,D:\www\riset\dehazing\dataset\RRSHID\moderate_fog\test\hazy\1469.png,D:\www\riset\dehazing\dataset\RRSHID\moderate_fog\test\target\1469.png
RR,moderate_fog,154.png,D:\www\riset\dehazing\dataset\RRSHID\moderate_fog\test\hazy\154.png,D:\www\riset\dehazing\dataset\RRSHID\moderate_fog\test\target\154.png
RR,moderate_fog,1542.png,D:\www\riset\dehazing\dataset\RRSHID\moderate_fog\test\hazy\1542.png,D:\www\riset\dehazing\dataset\RRSHID\moderate_fog\test\target\1542.png
RR,moderate_fog,1543.png,D:\www\riset\dehazing\dataset\RRSHID\moderate_fog\test\hazy\1543.png,D:\www\riset\dehazing\dataset\RRSHID\moderate_fog\test\target\1543.png
RR,moderate_fog,1555.png,D:\www\riset\dehazing\dataset\RRSHID\moderate_fog\test\hazy\1555.png,D:\www\riset\dehazing\dataset\RRSHID\moderate_fog\test\target\1555.png
RR,moderate_fog,1561.png,D:\www\riset\dehazing\dataset\RRSHID\moderate_fog\test\hazy\1561.png,D:\www\riset\dehazing\dataset\RRSHID\moderate_fog\test\target\1561.png
RR,moderate_fog,1563.png,D:\www\riset\dehazing\dataset\RRSHID\moderate_fog\test\hazy\1563.png,D:\www\riset\dehazing\dataset\RRSHID\moderate_fog\test\target\1563.png
RR,moderate_fog,1601.png,D:\www\riset\dehazing\dataset\RRSHID\moderate_fog\test\hazy\1601.png,D:\www\riset\dehazing\dataset\RRSHID\moderate_fog\test\target\1601.png
RR,moderate_fog,1606.png,D:\www\riset\dehazing\dataset\RRSHID\moderate_fog\test\hazy\1606.png,D:\www\riset\dehazing\dataset\RRSHID\moderate_fog\test\target\1606.png
RR,moderate_fog,1608.png,D:\www\riset\dehazing\dataset\RRSHID\moderate_fog\test\hazy\1608.png,D:\www\riset\dehazing\dataset\RRSHID\moderate_fog\test\target\1608.png
RR,moderate_fog,163.png,D:\www\riset\dehazing\dataset\RRSHID\moderate_fog\test\hazy\163.png,D:\www\riset\dehazing\dataset\RRSHID\moderate_fog\test\target\163.png
RR,moderate_fog,1636.png,D:\www\riset\dehazing\dataset\RRSHID\moderate_fog\test\hazy\1636.png,D:\www\riset\dehazing\dataset\RRSHID\moderate_fog\test\target\1636.png
RR,moderate_fog,1666.png,D:\www\riset\dehazing\dataset\RRSHID\moderate_fog\test\hazy\1666.png,D:\www\riset\dehazing\dataset\RRSHID\moderate_fog\test\target\1666.png
RR,moderate_fog,1673.png,D:\www\riset\dehazing\dataset\RRSHID\moderate_fog\test\hazy\1673.png,D:\www\riset\dehazing\dataset\RRSHID\moderate_fog\test\target\1673.png
RR,moderate_fog,1691.png,D:\www\riset\dehazing\dataset\RRSHID\moderate_fog\test\hazy\1691.png,D:\www\riset\dehazing\dataset\RRSHID\moderate_fog\test\target\1691.png
RR,moderate_fog,1706.png,D:\www\riset\dehazing\dataset\RRSHID\moderate_fog\test\hazy\1706.png,D:\www\riset\dehazing\dataset\RRSHID\moderate_fog\test\target\1706.png
RR,moderate_fog,1741.png,D:\www\riset\dehazing\dataset\RRSHID\moderate_fog\test\hazy\1741.png,D:\www\riset\dehazing\dataset\RRSHID\moderate_fog\test\target\1741.png
RR,moderate_fog,1787.png,D:\www\riset\dehazing\dataset\RRSHID\moderate_fog\test\hazy\1787.png,D:\www\riset\dehazing\dataset\RRSHID\moderate_fog\test\target\1787.png
RR,moderate_fog,1809.png,D:\www\riset\dehazing\dataset\RRSHID\moderate_fog\test\hazy\1809.png,D:\www\riset\dehazing\dataset\RRSHID\moderate_fog\test\target\1809.png
RR,moderate_fog,1810.png,D:\www\riset\dehazing\dataset\RRSHID\moderate_fog\test\hazy\1810.png,D:\www\riset\dehazing\dataset\RRSHID\moderate_fog\test\target\1810.png
RR,moderate_fog,1814.png,D:\www\riset\dehazing\dataset\RRSHID\moderate_fog\test\hazy\1814.png,D:\www\riset\dehazing\dataset\RRSHID\moderate_fog\test\target\1814.png
RR,moderate_fog,1822.png,D:\www\riset\dehazing\dataset\RRSHID\moderate_fog\test\hazy\1822.png,D:\www\riset\dehazing\dataset\RRSHID\moderate_fog\test\target\1822.png
RR,moderate_fog,1844.png,D:\www\riset\dehazing\dataset\RRSHID\moderate_fog\test\hazy\1844.png,D:\www\riset\dehazing\dataset\RRSHID\moderate_fog\test\target\1844.png
RR,moderate_fog,1856.png,D:\www\riset\dehazing\dataset\RRSHID\moderate_fog\test\hazy\1856.png,D:\www\riset\dehazing\dataset\RRSHID\moderate_fog\test\target\1856.png
RR,moderate_fog,1869.png,D:\www\riset\dehazing\dataset\RRSHID\moderate_fog\test\hazy\1869.png,D:\www\riset\dehazing\dataset\RRSHID\moderate_fog\test\target\1869.png
RR,moderate_fog,1873.png,D:\www\riset\dehazing\dataset\RRSHID\moderate_fog\test\hazy\1873.png,D:\www\riset\dehazing\dataset\RRSHID\moderate_fog\test\target\1873.png
RR,moderate_fog,1899.png,D:\www\riset\dehazing\dataset\RRSHID\moderate_fog\test\hazy\1899.png,D:\www\riset\dehazing\dataset\RRSHID\moderate_fog\test\target\1899.png
RR,moderate_fog,1900.png,D:\www\riset\dehazing\dataset\RRSHID\moderate_fog\test\hazy\1900.png,D:\www\riset\dehazing\dataset\RRSHID\moderate_fog\test\target\1900.png
RR,moderate_fog,1929.png,D:\www\riset\dehazing\dataset\RRSHID\moderate_fog\test\hazy\1929.png,D:\www\riset\dehazing\dataset\RRSHID\moderate_fog\test\target\1929.png
RR,moderate_fog,193.png,D:\www\riset\dehazing\dataset\RRSHID\moderate_fog\test\hazy\193.png,D:\www\riset\dehazing\dataset\RRSHID\moderate_fog\test\target\193.png
RR,moderate_fog,1931.png,D:\www\riset\dehazing\dataset\RRSHID\moderate_fog\test\hazy\1931.png,D:\www\riset\dehazing\dataset\RRSHID\moderate_fog\test\target\1931.png
RR,moderate_fog,1935.png,D:\www\riset\dehazing\dataset\RRSHID\moderate_fog\test\hazy\1935.png,D:\www\riset\dehazing\dataset\RRSHID\moderate_fog\test\target\1935.png
RR,moderate_fog,1961.png,D:\www\riset\dehazing\dataset\RRSHID\moderate_fog\test\hazy\1961.png,D:\www\riset\dehazing\dataset\RRSHID\moderate_fog\test\target\1961.png
RR,moderate_fog,1985.png,D:\www\riset\dehazing\dataset\RRSHID\moderate_fog\test\hazy\1985.png,D:\www\riset\dehazing\dataset\RRSHID\moderate_fog\test\target\1985.png
RR,moderate_fog,1989.png,D:\www\riset\dehazing\dataset\RRSHID\moderate_fog\test\hazy\1989.png,D:\www\riset\dehazing\dataset\RRSHID\moderate_fog\test\target\1989.png
RR,moderate_fog,2040.png,D:\www\riset\dehazing\dataset\RRSHID\moderate_fog\test\hazy\2040.png,D:\www\riset\dehazing\dataset\RRSHID\moderate_fog\test\target\2040.png
RR,moderate_fog,2041.png,D:\www\riset\dehazing\dataset\RRSHID\moderate_fog\test\hazy\2041.png,D:\www\riset\dehazing\dataset\RRSHID\moderate_fog\test\target\2041.png
RR,moderate_fog,2044.png,D:\www\riset\dehazing\dataset\RRSHID\moderate_fog\test\hazy\2044.png,D:\www\riset\dehazing\dataset\RRSHID\moderate_fog\test\target\2044.png
RR,moderate_fog,2049.png,D:\www\riset\dehazing\dataset\RRSHID\moderate_fog\test\hazy\2049.png,D:\www\riset\dehazing\dataset\RRSHID\moderate_fog\test\target\2049.png
RR,moderate_fog,2060.png,D:\www\riset\dehazing\dataset\RRSHID\moderate_fog\test\hazy\2060.png,D:\www\riset\dehazing\dataset\RRSHID\moderate_fog\test\target\2060.png
RR,moderate_fog,2061.png,D:\www\riset\dehazing\dataset\RRSHID\moderate_fog\test\hazy\2061.png,D:\www\riset\dehazing\dataset\RRSHID\moderate_fog\test\target\2061.png
RR,moderate_fog,2106.png,D:\www\riset\dehazing\dataset\RRSHID\moderate_fog\test\hazy\2106.png,D:\www\riset\dehazing\dataset\RRSHID\moderate_fog\test\target\2106.png
RR,moderate_fog,2107.png,D:\www\riset\dehazing\dataset\RRSHID\moderate_fog\test\hazy\2107.png,D:\www\riset\dehazing\dataset\RRSHID\moderate_fog\test\target\2107.png
RR,moderate_fog,2108.png,D:\www\riset\dehazing\dataset\RRSHID\moderate_fog\test\hazy\2108.png,D:\www\riset\dehazing\dataset\RRSHID\moderate_fog\test\target\2108.png
RR,moderate_fog,2116.png,D:\www\riset\dehazing\dataset\RRSHID\moderate_fog\test\hazy\2116.png,D:\www\riset\dehazing\dataset\RRSHID\moderate_fog\test\target\2116.png
RR,moderate_fog,2132.png,D:\www\riset\dehazing\dataset\RRSHID\moderate_fog\test\hazy\2132.png,D:\www\riset\dehazing\dataset\RRSHID\moderate_fog\test\target\2132.png
RR,moderate_fog,2143.png,D:\www\riset\dehazing\dataset\RRSHID\moderate_fog\test\hazy\2143.png,D:\www\riset\dehazing\dataset\RRSHID\moderate_fog\test\target\2143.png
RR,moderate_fog,2146.png,D:\www\riset\dehazing\dataset\RRSHID\moderate_fog\test\hazy\2146.png,D:\www\riset\dehazing\dataset\RRSHID\moderate_fog\test\target\2146.png
RR,moderate_fog,2174.png,D:\www\riset\dehazing\dataset\RRSHID\moderate_fog\test\hazy\2174.png,D:\www\riset\dehazing\dataset\RRSHID\moderate_fog\test\target\2174.png
RR,moderate_fog,2236.png,D:\www\riset\dehazing\dataset\RRSHID\moderate_fog\test\hazy\2236.png,D:\www\riset\dehazing\dataset\RRSHID\moderate_fog\test\target\2236.png
RR,moderate_fog,2237.png,D:\www\riset\dehazing\dataset\RRSHID\moderate_fog\test\hazy\2237.png,D:\www\riset\dehazing\dataset\RRSHID\moderate_fog\test\target\2237.png
RR,moderate_fog,2261.png,D:\www\riset\dehazing\dataset\RRSHID\moderate_fog\test\hazy\2261.png,D:\www\riset\dehazing\dataset\RRSHID\moderate_fog\test\target\2261.png
RR,moderate_fog,2297.png,D:\www\riset\dehazing\dataset\RRSHID\moderate_fog\test\hazy\2297.png,D:\www\riset\dehazing\dataset\RRSHID\moderate_fog\test\target\2297.png
RR,moderate_fog,2299.png,D:\www\riset\dehazing\dataset\RRSHID\moderate_fog\test\hazy\2299.png,D:\www\riset\dehazing\dataset\RRSHID\moderate_fog\test\target\2299.png
RR,moderate_fog,2313.png,D:\www\riset\dehazing\dataset\RRSHID\moderate_fog\test\hazy\2313.png,D:\www\riset\dehazing\dataset\RRSHID\moderate_fog\test\target\2313.png
RR,moderate_fog,2331.png,D:\www\riset\dehazing\dataset\RRSHID\moderate_fog\test\hazy\2331.png,D:\www\riset\dehazing\dataset\RRSHID\moderate_fog\test\target\2331.png
RR,moderate_fog,2350.png,D:\www\riset\dehazing\dataset\RRSHID\moderate_fog\test\hazy\2350.png,D:\www\riset\dehazing\dataset\RRSHID\moderate_fog\test\target\2350.png
RR,moderate_fog,2386.png,D:\www\riset\dehazing\dataset\RRSHID\moderate_fog\test\hazy\2386.png,D:\www\riset\dehazing\dataset\RRSHID\moderate_fog\test\target\2386.png
RR,moderate_fog,2405.png,D:\www\riset\dehazing\dataset\RRSHID\moderate_fog\test\hazy\2405.png,D:\www\riset\dehazing\dataset\RRSHID\moderate_fog\test\target\2405.png
RR,moderate_fog,2408.png,D:\www\riset\dehazing\dataset\RRSHID\moderate_fog\test\hazy\2408.png,D:\www\riset\dehazing\dataset\RRSHID\moderate_fog\test\target\2408.png
RR,moderate_fog,2427.png,D:\www\riset\dehazing\dataset\RRSHID\moderate_fog\test\hazy\2427.png,D:\www\riset\dehazing\dataset\RRSHID\moderate_fog\test\target\2427.png
RR,moderate_fog,2434.png,D:\www\riset\dehazing\dataset\RRSHID\moderate_fog\test\hazy\2434.png,D:\www\riset\dehazing\dataset\RRSHID\moderate_fog\test\target\2434.png
RR,moderate_fog,2444.png,D:\www\riset\dehazing\dataset\RRSHID\moderate_fog\test\hazy\2444.png,D:\www\riset\dehazing\dataset\RRSHID\moderate_fog\test\target\2444.png
RR,moderate_fog,2446.png,D:\www\riset\dehazing\dataset\RRSHID\moderate_fog\test\hazy\2446.png,D:\www\riset\dehazing\dataset\RRSHID\moderate_fog\test\target\2446.png
RR,moderate_fog,2447.png,D:\www\riset\dehazing\dataset\RRSHID\moderate_fog\test\hazy\2447.png,D:\www\riset\dehazing\dataset\RRSHID\moderate_fog\test\target\2447.png
RR,moderate_fog,2474.png,D:\www\riset\dehazing\dataset\RRSHID\moderate_fog\test\hazy\2474.png,D:\www\riset\dehazing\dataset\RRSHID\moderate_fog\test\target\2474.png
RR,moderate_fog,2483.png,D:\www\riset\dehazing\dataset\RRSHID\moderate_fog\test\hazy\2483.png,D:\www\riset\dehazing\dataset\RRSHID\moderate_fog\test\target\2483.png
RR,moderate_fog,2505.png,D:\www\riset\dehazing\dataset\RRSHID\moderate_fog\test\hazy\2505.png,D:\www\riset\dehazing\dataset\RRSHID\moderate_fog\test\target\2505.png
RR,moderate_fog,2550.png,D:\www\riset\dehazing\dataset\RRSHID\moderate_fog\test\hazy\2550.png,D:\www\riset\dehazing\dataset\RRSHID\moderate_fog\test\target\2550.png
RR,moderate_fog,2561.png,D:\www\riset\dehazing\dataset\RRSHID\moderate_fog\test\hazy\2561.png,D:\www\riset\dehazing\dataset\RRSHID\moderate_fog\test\target\2561.png
RR,moderate_fog,2583.png,D:\www\riset\dehazing\dataset\RRSHID\moderate_fog\test\hazy\2583.png,D:\www\riset\dehazing\dataset\RRSHID\moderate_fog\test\target\2583.png
RR,moderate_fog,2585.png,D:\www\riset\dehazing\dataset\RRSHID\moderate_fog\test\hazy\2585.png,D:\www\riset\dehazing\dataset\RRSHID\moderate_fog\test\target\2585.png
RR,moderate_fog,2615.png,D:\www\riset\dehazing\dataset\RRSHID\moderate_fog\test\hazy\2615.png,D:\www\riset\dehazing\dataset\RRSHID\moderate_fog\test\target\2615.png
RR,moderate_fog,2637.png,D:\www\riset\dehazing\dataset\RRSHID\moderate_fog\test\hazy\2637.png,D:\www\riset\dehazing\dataset\RRSHID\moderate_fog\test\target\2637.png
RR,moderate_fog,2650.png,D:\www\riset\dehazing\dataset\RRSHID\moderate_fog\test\hazy\2650.png,D:\www\riset\dehazing\dataset\RRSHID\moderate_fog\test\target\2650.png
RR,moderate_fog,2689.png,D:\www\riset\dehazing\dataset\RRSHID\moderate_fog\test\hazy\2689.png,D:\www\riset\dehazing\dataset\RRSHID\moderate_fog\test\target\2689.png
RR,moderate_fog,2691.png,D:\www\riset\dehazing\dataset\RRSHID\moderate_fog\test\hazy\2691.png,D:\www\riset\dehazing\dataset\RRSHID\moderate_fog\test\target\2691.png
RR,moderate_fog,2719.png,D:\www\riset\dehazing\dataset\RRSHID\moderate_fog\test\hazy\2719.png,D:\www\riset\dehazing\dataset\RRSHID\moderate_fog\test\target\2719.png
RR,moderate_fog,2720.png,D:\www\riset\dehazing\dataset\RRSHID\moderate_fog\test\hazy\2720.png,D:\www\riset\dehazing\dataset\RRSHID\moderate_fog\test\target\2720.png
RR,moderate_fog,2790.png,D:\www\riset\dehazing\dataset\RRSHID\moderate_fog\test\hazy\2790.png,D:\www\riset\dehazing\dataset\RRSHID\moderate_fog\test\target\2790.png
RR,moderate_fog,2791.png,D:\www\riset\dehazing\dataset\RRSHID\moderate_fog\test\hazy\2791.png,D:\www\riset\dehazing\dataset\RRSHID\moderate_fog\test\target\2791.png
RR,moderate_fog,2809.png,D:\www\riset\dehazing\dataset\RRSHID\moderate_fog\test\hazy\2809.png,D:\www\riset\dehazing\dataset\RRSHID\moderate_fog\test\target\2809.png
RR,moderate_fog,2836.png,D:\www\riset\dehazing\dataset\RRSHID\moderate_fog\test\hazy\2836.png,D:\www\riset\dehazing\dataset\RRSHID\moderate_fog\test\target\2836.png
RR,moderate_fog,2839.png,D:\www\riset\dehazing\dataset\RRSHID\moderate_fog\test\hazy\2839.png,D:\www\riset\dehazing\dataset\RRSHID\moderate_fog\test\target\2839.png
RR,moderate_fog,2859.png,D:\www\riset\dehazing\dataset\RRSHID\moderate_fog\test\hazy\2859.png,D:\www\riset\dehazing\dataset\RRSHID\moderate_fog\test\target\2859.png
RR,moderate_fog,2888.png,D:\www\riset\dehazing\dataset\RRSHID\moderate_fog\test\hazy\2888.png,D:\www\riset\dehazing\dataset\RRSHID\moderate_fog\test\target\2888.png
RR,moderate_fog,2913.png,D:\www\riset\dehazing\dataset\RRSHID\moderate_fog\test\hazy\2913.png,D:\www\riset\dehazing\dataset\RRSHID\moderate_fog\test\target\2913.png
RR,moderate_fog,292.png,D:\www\riset\dehazing\dataset\RRSHID\moderate_fog\test\hazy\292.png,D:\www\riset\dehazing\dataset\RRSHID\moderate_fog\test\target\292.png
RR,moderate_fog,320.png,D:\www\riset\dehazing\dataset\RRSHID\moderate_fog\test\hazy\320.png,D:\www\riset\dehazing\dataset\RRSHID\moderate_fog\test\target\320.png
RR,moderate_fog,337.png,D:\www\riset\dehazing\dataset\RRSHID\moderate_fog\test\hazy\337.png,D:\www\riset\dehazing\dataset\RRSHID\moderate_fog\test\target\337.png
RR,moderate_fog,338.png,D:\www\riset\dehazing\dataset\RRSHID\moderate_fog\test\hazy\338.png,D:\www\riset\dehazing\dataset\RRSHID\moderate_fog\test\target\338.png
RR,moderate_fog,35.png,D:\www\riset\dehazing\dataset\RRSHID\moderate_fog\test\hazy\35.png,D:\www\riset\dehazing\dataset\RRSHID\moderate_fog\test\target\35.png
RR,moderate_fog,360.png,D:\www\riset\dehazing\dataset\RRSHID\moderate_fog\test\hazy\360.png,D:\www\riset\dehazing\dataset\RRSHID\moderate_fog\test\target\360.png
RR,moderate_fog,373.png,D:\www\riset\dehazing\dataset\RRSHID\moderate_fog\test\hazy\373.png,D:\www\riset\dehazing\dataset\RRSHID\moderate_fog\test\target\373.png
RR,moderate_fog,411.png,D:\www\riset\dehazing\dataset\RRSHID\moderate_fog\test\hazy\411.png,D:\www\riset\dehazing\dataset\RRSHID\moderate_fog\test\target\411.png
RR,moderate_fog,417.png,D:\www\riset\dehazing\dataset\RRSHID\moderate_fog\test\hazy\417.png,D:\www\riset\dehazing\dataset\RRSHID\moderate_fog\test\target\417.png
RR,moderate_fog,451.png,D:\www\riset\dehazing\dataset\RRSHID\moderate_fog\test\hazy\451.png,D:\www\riset\dehazing\dataset\RRSHID\moderate_fog\test\target\451.png
RR,moderate_fog,454.png,D:\www\riset\dehazing\dataset\RRSHID\moderate_fog\test\hazy\454.png,D:\www\riset\dehazing\dataset\RRSHID\moderate_fog\test\target\454.png
RR,moderate_fog,49.png,D:\www\riset\dehazing\dataset\RRSHID\moderate_fog\test\hazy\49.png,D:\www\riset\dehazing\dataset\RRSHID\moderate_fog\test\target\49.png
RR,moderate_fog,579.png,D:\www\riset\dehazing\dataset\RRSHID\moderate_fog\test\hazy\579.png,D:\www\riset\dehazing\dataset\RRSHID\moderate_fog\test\target\579.png
RR,moderate_fog,65.png,D:\www\riset\dehazing\dataset\RRSHID\moderate_fog\test\hazy\65.png,D:\www\riset\dehazing\dataset\RRSHID\moderate_fog\test\target\65.png
RR,moderate_fog,699.png,D:\www\riset\dehazing\dataset\RRSHID\moderate_fog\test\hazy\699.png,D:\www\riset\dehazing\dataset\RRSHID\moderate_fog\test\target\699.png
RR,moderate_fog,701.png,D:\www\riset\dehazing\dataset\RRSHID\moderate_fog\test\hazy\701.png,D:\www\riset\dehazing\dataset\RRSHID\moderate_fog\test\target\701.png
RR,moderate_fog,703.png,D:\www\riset\dehazing\dataset\RRSHID\moderate_fog\test\hazy\703.png,D:\www\riset\dehazing\dataset\RRSHID\moderate_fog\test\target\703.png
RR,moderate_fog,708.png,D:\www\riset\dehazing\dataset\RRSHID\moderate_fog\test\hazy\708.png,D:\www\riset\dehazing\dataset\RRSHID\moderate_fog\test\target\708.png
RR,moderate_fog,71.png,D:\www\riset\dehazing\dataset\RRSHID\moderate_fog\test\hazy\71.png,D:\www\riset\dehazing\dataset\RRSHID\moderate_fog\test\target\71.png
RR,moderate_fog,712.png,D:\www\riset\dehazing\dataset\RRSHID\moderate_fog\test\hazy\712.png,D:\www\riset\dehazing\dataset\RRSHID\moderate_fog\test\target\712.png
RR,moderate_fog,752.png,D:\www\riset\dehazing\dataset\RRSHID\moderate_fog\test\hazy\752.png,D:\www\riset\dehazing\dataset\RRSHID\moderate_fog\test\target\752.png
RR,moderate_fog,786.png,D:\www\riset\dehazing\dataset\RRSHID\moderate_fog\test\hazy\786.png,D:\www\riset\dehazing\dataset\RRSHID\moderate_fog\test\target\786.png
RR,moderate_fog,789.png,D:\www\riset\dehazing\dataset\RRSHID\moderate_fog\test\hazy\789.png,D:\www\riset\dehazing\dataset\RRSHID\moderate_fog\test\target\789.png
RR,moderate_fog,81.png,D:\www\riset\dehazing\dataset\RRSHID\moderate_fog\test\hazy\81.png,D:\www\riset\dehazing\dataset\RRSHID\moderate_fog\test\target\81.png
RR,moderate_fog,864.png,D:\www\riset\dehazing\dataset\RRSHID\moderate_fog\test\hazy\864.png,D:\www\riset\dehazing\dataset\RRSHID\moderate_fog\test\target\864.png
RR,moderate_fog,907.png,D:\www\riset\dehazing\dataset\RRSHID\moderate_fog\test\hazy\907.png,D:\www\riset\dehazing\dataset\RRSHID\moderate_fog\test\target\907.png
RR,moderate_fog,929.png,D:\www\riset\dehazing\dataset\RRSHID\moderate_fog\test\hazy\929.png,D:\www\riset\dehazing\dataset\RRSHID\moderate_fog\test\target\929.png
RR,moderate_fog,989.png,D:\www\riset\dehazing\dataset\RRSHID\moderate_fog\test\hazy\989.png,D:\www\riset\dehazing\dataset\RRSHID\moderate_fog\test\target\989.png
RR,moderate_fog,99.png,D:\www\riset\dehazing\dataset\RRSHID\moderate_fog\test\hazy\99.png,D:\www\riset\dehazing\dataset\RRSHID\moderate_fog\test\target\99.png
RR,thick_fog,1060.png,D:\www\riset\dehazing\dataset\RRSHID\thick_fog\test\hazy\1060.png,D:\www\riset\dehazing\dataset\RRSHID\thick_fog\test\target\1060.png
RR,thick_fog,1104.png,D:\www\riset\dehazing\dataset\RRSHID\thick_fog\test\hazy\1104.png,D:\www\riset\dehazing\dataset\RRSHID\thick_fog\test\target\1104.png
RR,thick_fog,1116.png,D:\www\riset\dehazing\dataset\RRSHID\thick_fog\test\hazy\1116.png,D:\www\riset\dehazing\dataset\RRSHID\thick_fog\test\target\1116.png
RR,thick_fog,1145.png,D:\www\riset\dehazing\dataset\RRSHID\thick_fog\test\hazy\1145.png,D:\www\riset\dehazing\dataset\RRSHID\thick_fog\test\target\1145.png
RR,thick_fog,1164.png,D:\www\riset\dehazing\dataset\RRSHID\thick_fog\test\hazy\1164.png,D:\www\riset\dehazing\dataset\RRSHID\thick_fog\test\target\1164.png
RR,thick_fog,1243.png,D:\www\riset\dehazing\dataset\RRSHID\thick_fog\test\hazy\1243.png,D:\www\riset\dehazing\dataset\RRSHID\thick_fog\test\target\1243.png
RR,thick_fog,1262.png,D:\www\riset\dehazing\dataset\RRSHID\thick_fog\test\hazy\1262.png,D:\www\riset\dehazing\dataset\RRSHID\thick_fog\test\target\1262.png
RR,thick_fog,1369.png,D:\www\riset\dehazing\dataset\RRSHID\thick_fog\test\hazy\1369.png,D:\www\riset\dehazing\dataset\RRSHID\thick_fog\test\target\1369.png
RR,thick_fog,1370.png,D:\www\riset\dehazing\dataset\RRSHID\thick_fog\test\hazy\1370.png,D:\www\riset\dehazing\dataset\RRSHID\thick_fog\test\target\1370.png
RR,thick_fog,1388.png,D:\www\riset\dehazing\dataset\RRSHID\thick_fog\test\hazy\1388.png,D:\www\riset\dehazing\dataset\RRSHID\thick_fog\test\target\1388.png
RR,thick_fog,1520.png,D:\www\riset\dehazing\dataset\RRSHID\thick_fog\test\hazy\1520.png,D:\www\riset\dehazing\dataset\RRSHID\thick_fog\test\target\1520.png
RR,thick_fog,156.png,D:\www\riset\dehazing\dataset\RRSHID\thick_fog\test\hazy\156.png,D:\www\riset\dehazing\dataset\RRSHID\thick_fog\test\target\156.png
RR,thick_fog,1852.png,D:\www\riset\dehazing\dataset\RRSHID\thick_fog\test\hazy\1852.png,D:\www\riset\dehazing\dataset\RRSHID\thick_fog\test\target\1852.png
RR,thick_fog,1891.png,D:\www\riset\dehazing\dataset\RRSHID\thick_fog\test\hazy\1891.png,D:\www\riset\dehazing\dataset\RRSHID\thick_fog\test\target\1891.png
RR,thick_fog,1907.png,D:\www\riset\dehazing\dataset\RRSHID\thick_fog\test\hazy\1907.png,D:\www\riset\dehazing\dataset\RRSHID\thick_fog\test\target\1907.png
RR,thick_fog,1910.png,D:\www\riset\dehazing\dataset\RRSHID\thick_fog\test\hazy\1910.png,D:\www\riset\dehazing\dataset\RRSHID\thick_fog\test\target\1910.png
RR,thick_fog,1911.png,D:\www\riset\dehazing\dataset\RRSHID\thick_fog\test\hazy\1911.png,D:\www\riset\dehazing\dataset\RRSHID\thick_fog\test\target\1911.png
RR,thick_fog,221.png,D:\www\riset\dehazing\dataset\RRSHID\thick_fog\test\hazy\221.png,D:\www\riset\dehazing\dataset\RRSHID\thick_fog\test\target\221.png
RR,thick_fog,232.png,D:\www\riset\dehazing\dataset\RRSHID\thick_fog\test\hazy\232.png,D:\www\riset\dehazing\dataset\RRSHID\thick_fog\test\target\232.png
RR,thick_fog,2487.png,D:\www\riset\dehazing\dataset\RRSHID\thick_fog\test\hazy\2487.png,D:\www\riset\dehazing\dataset\RRSHID\thick_fog\test\target\2487.png
RR,thick_fog,2495.png,D:\www\riset\dehazing\dataset\RRSHID\thick_fog\test\hazy\2495.png,D:\www\riset\dehazing\dataset\RRSHID\thick_fog\test\target\2495.png
RR,thick_fog,2527.png,D:\www\riset\dehazing\dataset\RRSHID\thick_fog\test\hazy\2527.png,D:\www\riset\dehazing\dataset\RRSHID\thick_fog\test\target\2527.png
RR,thick_fog,2568.png,D:\www\riset\dehazing\dataset\RRSHID\thick_fog\test\hazy\2568.png,D:\www\riset\dehazing\dataset\RRSHID\thick_fog\test\target\2568.png
RR,thick_fog,2591.png,D:\www\riset\dehazing\dataset\RRSHID\thick_fog\test\hazy\2591.png,D:\www\riset\dehazing\dataset\RRSHID\thick_fog\test\target\2591.png
RR,thick_fog,2630.png,D:\www\riset\dehazing\dataset\RRSHID\thick_fog\test\hazy\2630.png,D:\www\riset\dehazing\dataset\RRSHID\thick_fog\test\target\2630.png
RR,thick_fog,2643.png,D:\www\riset\dehazing\dataset\RRSHID\thick_fog\test\hazy\2643.png,D:\www\riset\dehazing\dataset\RRSHID\thick_fog\test\target\2643.png
RR,thick_fog,2696.png,D:\www\riset\dehazing\dataset\RRSHID\thick_fog\test\hazy\2696.png,D:\www\riset\dehazing\dataset\RRSHID\thick_fog\test\target\2696.png
RR,thick_fog,274.png,D:\www\riset\dehazing\dataset\RRSHID\thick_fog\test\hazy\274.png,D:\www\riset\dehazing\dataset\RRSHID\thick_fog\test\target\274.png
RR,thick_fog,315.png,D:\www\riset\dehazing\dataset\RRSHID\thick_fog\test\hazy\315.png,D:\www\riset\dehazing\dataset\RRSHID\thick_fog\test\target\315.png
RR,thick_fog,335.png,D:\www\riset\dehazing\dataset\RRSHID\thick_fog\test\hazy\335.png,D:\www\riset\dehazing\dataset\RRSHID\thick_fog\test\target\335.png
RR,thick_fog,353.png,D:\www\riset\dehazing\dataset\RRSHID\thick_fog\test\hazy\353.png,D:\www\riset\dehazing\dataset\RRSHID\thick_fog\test\target\353.png
RR,thick_fog,354.png,D:\www\riset\dehazing\dataset\RRSHID\thick_fog\test\hazy\354.png,D:\www\riset\dehazing\dataset\RRSHID\thick_fog\test\target\354.png
RR,thick_fog,362.png,D:\www\riset\dehazing\dataset\RRSHID\thick_fog\test\hazy\362.png,D:\www\riset\dehazing\dataset\RRSHID\thick_fog\test\target\362.png
RR,thick_fog,374.png,D:\www\riset\dehazing\dataset\RRSHID\thick_fog\test\hazy\374.png,D:\www\riset\dehazing\dataset\RRSHID\thick_fog\test\target\374.png
RR,thick_fog,404.png,D:\www\riset\dehazing\dataset\RRSHID\thick_fog\test\hazy\404.png,D:\www\riset\dehazing\dataset\RRSHID\thick_fog\test\target\404.png
RR,thick_fog,429.png,D:\www\riset\dehazing\dataset\RRSHID\thick_fog\test\hazy\429.png,D:\www\riset\dehazing\dataset\RRSHID\thick_fog\test\target\429.png
RR,thick_fog,431.png,D:\www\riset\dehazing\dataset\RRSHID\thick_fog\test\hazy\431.png,D:\www\riset\dehazing\dataset\RRSHID\thick_fog\test\target\431.png
RR,thick_fog,435.png,D:\www\riset\dehazing\dataset\RRSHID\thick_fog\test\hazy\435.png,D:\www\riset\dehazing\dataset\RRSHID\thick_fog\test\target\435.png
RR,thick_fog,478.png,D:\www\riset\dehazing\dataset\RRSHID\thick_fog\test\hazy\478.png,D:\www\riset\dehazing\dataset\RRSHID\thick_fog\test\target\478.png
RR,thick_fog,480.png,D:\www\riset\dehazing\dataset\RRSHID\thick_fog\test\hazy\480.png,D:\www\riset\dehazing\dataset\RRSHID\thick_fog\test\target\480.png
RR,thick_fog,486.png,D:\www\riset\dehazing\dataset\RRSHID\thick_fog\test\hazy\486.png,D:\www\riset\dehazing\dataset\RRSHID\thick_fog\test\target\486.png
RR,thick_fog,508.png,D:\www\riset\dehazing\dataset\RRSHID\thick_fog\test\hazy\508.png,D:\www\riset\dehazing\dataset\RRSHID\thick_fog\test\target\508.png
RR,thick_fog,516.png,D:\www\riset\dehazing\dataset\RRSHID\thick_fog\test\hazy\516.png,D:\www\riset\dehazing\dataset\RRSHID\thick_fog\test\target\516.png
RR,thick_fog,517.png,D:\www\riset\dehazing\dataset\RRSHID\thick_fog\test\hazy\517.png,D:\www\riset\dehazing\dataset\RRSHID\thick_fog\test\target\517.png
RR,thick_fog,520.png,D:\www\riset\dehazing\dataset\RRSHID\thick_fog\test\hazy\520.png,D:\www\riset\dehazing\dataset\RRSHID\thick_fog\test\target\520.png
RR,thick_fog,578.png,D:\www\riset\dehazing\dataset\RRSHID\thick_fog\test\hazy\578.png,D:\www\riset\dehazing\dataset\RRSHID\thick_fog\test\target\578.png
RR,thick_fog,589.png,D:\www\riset\dehazing\dataset\RRSHID\thick_fog\test\hazy\589.png,D:\www\riset\dehazing\dataset\RRSHID\thick_fog\test\target\589.png
RR,thick_fog,596.png,D:\www\riset\dehazing\dataset\RRSHID\thick_fog\test\hazy\596.png,D:\www\riset\dehazing\dataset\RRSHID\thick_fog\test\target\596.png
RR,thick_fog,598.png,D:\www\riset\dehazing\dataset\RRSHID\thick_fog\test\hazy\598.png,D:\www\riset\dehazing\dataset\RRSHID\thick_fog\test\target\598.png
RR,thick_fog,602.png,D:\www\riset\dehazing\dataset\RRSHID\thick_fog\test\hazy\602.png,D:\www\riset\dehazing\dataset\RRSHID\thick_fog\test\target\602.png
RR,thick_fog,609.png,D:\www\riset\dehazing\dataset\RRSHID\thick_fog\test\hazy\609.png,D:\www\riset\dehazing\dataset\RRSHID\thick_fog\test\target\609.png
RR,thick_fog,635.png,D:\www\riset\dehazing\dataset\RRSHID\thick_fog\test\hazy\635.png,D:\www\riset\dehazing\dataset\RRSHID\thick_fog\test\target\635.png
RR,thick_fog,638.png,D:\www\riset\dehazing\dataset\RRSHID\thick_fog\test\hazy\638.png,D:\www\riset\dehazing\dataset\RRSHID\thick_fog\test\target\638.png
RR,thick_fog,645.png,D:\www\riset\dehazing\dataset\RRSHID\thick_fog\test\hazy\645.png,D:\www\riset\dehazing\dataset\RRSHID\thick_fog\test\target\645.png
RR,thick_fog,655.png,D:\www\riset\dehazing\dataset\RRSHID\thick_fog\test\hazy\655.png,D:\www\riset\dehazing\dataset\RRSHID\thick_fog\test\target\655.png
RR,thick_fog,674.png,D:\www\riset\dehazing\dataset\RRSHID\thick_fog\test\hazy\674.png,D:\www\riset\dehazing\dataset\RRSHID\thick_fog\test\target\674.png
RR,thick_fog,682.png,D:\www\riset\dehazing\dataset\RRSHID\thick_fog\test\hazy\682.png,D:\www\riset\dehazing\dataset\RRSHID\thick_fog\test\target\682.png
RR,thick_fog,684.png,D:\www\riset\dehazing\dataset\RRSHID\thick_fog\test\hazy\684.png,D:\www\riset\dehazing\dataset\RRSHID\thick_fog\test\target\684.png
RR,thick_fog,685.png,D:\www\riset\dehazing\dataset\RRSHID\thick_fog\test\hazy\685.png,D:\www\riset\dehazing\dataset\RRSHID\thick_fog\test\target\685.png
RR,thick_fog,698.png,D:\www\riset\dehazing\dataset\RRSHID\thick_fog\test\hazy\698.png,D:\www\riset\dehazing\dataset\RRSHID\thick_fog\test\target\698.png
RR,thick_fog,725.png,D:\www\riset\dehazing\dataset\RRSHID\thick_fog\test\hazy\725.png,D:\www\riset\dehazing\dataset\RRSHID\thick_fog\test\target\725.png
RR,thick_fog,757.png,D:\www\riset\dehazing\dataset\RRSHID\thick_fog\test\hazy\757.png,D:\www\riset\dehazing\dataset\RRSHID\thick_fog\test\target\757.png
RR,thick_fog,759.png,D:\www\riset\dehazing\dataset\RRSHID\thick_fog\test\hazy\759.png,D:\www\riset\dehazing\dataset\RRSHID\thick_fog\test\target\759.png
RR,thick_fog,764.png,D:\www\riset\dehazing\dataset\RRSHID\thick_fog\test\hazy\764.png,D:\www\riset\dehazing\dataset\RRSHID\thick_fog\test\target\764.png
RR,thick_fog,765.png,D:\www\riset\dehazing\dataset\RRSHID\thick_fog\test\hazy\765.png,D:\www\riset\dehazing\dataset\RRSHID\thick_fog\test\target\765.png
RR,thick_fog,801.png,D:\www\riset\dehazing\dataset\RRSHID\thick_fog\test\hazy\801.png,D:\www\riset\dehazing\dataset\RRSHID\thick_fog\test\target\801.png
RR,thick_fog,820.png,D:\www\riset\dehazing\dataset\RRSHID\thick_fog\test\hazy\820.png,D:\www\riset\dehazing\dataset\RRSHID\thick_fog\test\target\820.png
RR,thick_fog,851.png,D:\www\riset\dehazing\dataset\RRSHID\thick_fog\test\hazy\851.png,D:\www\riset\dehazing\dataset\RRSHID\thick_fog\test\target\851.png
RR,thick_fog,858.png,D:\www\riset\dehazing\dataset\RRSHID\thick_fog\test\hazy\858.png,D:\www\riset\dehazing\dataset\RRSHID\thick_fog\test\target\858.png
RR,thick_fog,885.png,D:\www\riset\dehazing\dataset\RRSHID\thick_fog\test\hazy\885.png,D:\www\riset\dehazing\dataset\RRSHID\thick_fog\test\target\885.png
RR,thick_fog,897.png,D:\www\riset\dehazing\dataset\RRSHID\thick_fog\test\hazy\897.png,D:\www\riset\dehazing\dataset\RRSHID\thick_fog\test\target\897.png
RR,thick_fog,899.png,D:\www\riset\dehazing\dataset\RRSHID\thick_fog\test\hazy\899.png,D:\www\riset\dehazing\dataset\RRSHID\thick_fog\test\target\899.png
RR,thick_fog,911.png,D:\www\riset\dehazing\dataset\RRSHID\thick_fog\test\hazy\911.png,D:\www\riset\dehazing\dataset\RRSHID\thick_fog\test\target\911.png
RR,thick_fog,956.png,D:\www\riset\dehazing\dataset\RRSHID\thick_fog\test\hazy\956.png,D:\www\riset\dehazing\dataset\RRSHID\thick_fog\test\target\956.png
RR,thick_fog,957.png,D:\www\riset\dehazing\dataset\RRSHID\thick_fog\test\hazy\957.png,D:\www\riset\dehazing\dataset\RRSHID\thick_fog\test\target\957.png
RR,thick_fog,961.png,D:\www\riset\dehazing\dataset\RRSHID\thick_fog\test\hazy\961.png,D:\www\riset\dehazing\dataset\RRSHID\thick_fog\test\target\961.png
